CID,SMILES
BENZO_0,CN(C)c1ccc(N(Cc2ccsc2)C(=O)Nn2nnc3ccccc32)cc1
BENZO_1,CN(C)c1ccc(N(Cc2ccccc2)C(=O)Nn2nnc3ccccc32)cc1
BENZO_2,CN(C)c1ccc(N(Cc2cccc(Cl)c2)C(=O)Nn2nnc3ccccc32)cc1
BENZO_3,CN(C)c1ccc(N(Cc2ccoc2)C(=O)Nn2nnc3ccccc32)cc1
BENZO_4,CN(C)c1ccc(N(Cc2ccn(C)c2)C(=O)Nn2nnc3ccccc32)cc1
BENZO_5,CCC(=O)Nc1ccc(N(Cc2ccsc2)C(=O)Nn2nnc3ccccc32)cc1
BENZO_6,CCC(=O)Nc1ccc(N(Cc2ccccc2)C(=O)Nn2nnc3ccccc32)cc1
BENZO_7,CCC(=O)Nc1ccc(N(Cc2cccc(Cl)c2)C(=O)Nn2nnc3ccccc32)cc1
BENZO_8,CCC(=O)Nc1ccc(N(Cc2ccoc2)C(=O)Nn2nnc3ccccc32)cc1
BENZO_9,CCC(=O)Nc1ccc(N(Cc2ccn(C)c2)C(=O)Nn2nnc3ccccc32)cc1
BENZO_10,O=C(Nn1nnc2ccccc21)N(Cc1ccsc1)c1ccc(N2CCCCC2)cc1
BENZO_11,O=C(Nn1nnc2ccccc21)N(Cc1ccccc1)c1ccc(N2CCCCC2)cc1
BENZO_12,O=C(Nn1nnc2ccccc21)N(Cc1cccc(Cl)c1)c1ccc(N2CCCCC2)cc1
BENZO_13,O=C(Nn1nnc2ccccc21)N(Cc1ccoc1)c1ccc(N2CCCCC2)cc1
BENZO_14,Cn1ccc(CN(C(=O)Nn2nnc3ccccc32)c2ccc(N3CCCCC3)cc2)c1
BENZO_15,Cc1ccc(N(Cc2ccsc2)C(=O)Nn2nnc3ccccc32)cc1
BENZO_16,Cc1ccc(N(Cc2ccccc2)C(=O)Nn2nnc3ccccc32)cc1
BENZO_17,Cc1ccc(N(Cc2cccc(Cl)c2)C(=O)Nn2nnc3ccccc32)cc1
BENZO_18,Cc1ccc(N(Cc2ccoc2)C(=O)Nn2nnc3ccccc32)cc1
BENZO_19,Cc1ccc(N(Cc2ccn(C)c2)C(=O)Nn2nnc3ccccc32)cc1
BENZO_20,COc1ccc(N(Cc2ccsc2)C(=O)Nn2nnc3ccccc32)cc1
BENZO_21,COc1ccc(N(Cc2ccccc2)C(=O)Nn2nnc3ccccc32)cc1
BENZO_22,COc1ccc(N(Cc2cccc(Cl)c2)C(=O)Nn2nnc3ccccc32)cc1
BENZO_23,COc1ccc(N(Cc2ccoc2)C(=O)Nn2nnc3ccccc32)cc1
BENZO_24,COc1ccc(N(Cc2ccn(C)c2)C(=O)Nn2nnc3ccccc32)cc1
BENZO_25,O=C1CCCCN1c1ccc(N(Cc2ccsc2)C(=O)Nn2nnc3ccccc32)cc1
BENZO_26,O=C1CCCCN1c1ccc(N(Cc2ccccc2)C(=O)Nn2nnc3ccccc32)cc1
BENZO_27,O=C1CCCCN1c1ccc(N(Cc2cccc(Cl)c2)C(=O)Nn2nnc3ccccc32)cc1
BENZO_28,O=C1CCCCN1c1ccc(N(Cc2ccoc2)C(=O)Nn2nnc3ccccc32)cc1
BENZO_29,Cn1ccc(CN(C(=O)Nn2nnc3ccccc32)c2ccc(N3CCCCC3=O)cc2)c1
BENZO_30,O=C(Nn1nnc2ccccc21)N(Cc1ccsc1)c1ccc(N2CCOCC2)cc1
BENZO_31,O=C(Nn1nnc2ccccc21)N(Cc1ccccc1)c1ccc(N2CCOCC2)cc1
BENZO_32,O=C(Nn1nnc2ccccc21)N(Cc1cccc(Cl)c1)c1ccc(N2CCOCC2)cc1
BENZO_33,O=C(Nn1nnc2ccccc21)N(Cc1ccoc1)c1ccc(N2CCOCC2)cc1
BENZO_34,Cn1ccc(CN(C(=O)Nn2nnc3ccccc32)c2ccc(N3CCOCC3)cc2)c1
BENZO_35,CN(C)c1ccc(N(Cc2ccsc2)C(=O)Nn2cnc3ccccc32)cc1
BENZO_36,CN(C)c1ccc(N(Cc2ccccc2)C(=O)Nn2cnc3ccccc32)cc1
BENZO_37,CN(C)c1ccc(N(Cc2cccc(Cl)c2)C(=O)Nn2cnc3ccccc32)cc1
BENZO_38,CN(C)c1ccc(N(Cc2ccoc2)C(=O)Nn2cnc3ccccc32)cc1
BENZO_39,CN(C)c1ccc(N(Cc2ccn(C)c2)C(=O)Nn2cnc3ccccc32)cc1
BENZO_40,CCC(=O)Nc1ccc(N(Cc2ccsc2)C(=O)Nn2cnc3ccccc32)cc1
BENZO_41,CCC(=O)Nc1ccc(N(Cc2ccccc2)C(=O)Nn2cnc3ccccc32)cc1
BENZO_42,CCC(=O)Nc1ccc(N(Cc2cccc(Cl)c2)C(=O)Nn2cnc3ccccc32)cc1
BENZO_43,CCC(=O)Nc1ccc(N(Cc2ccoc2)C(=O)Nn2cnc3ccccc32)cc1
BENZO_44,CCC(=O)Nc1ccc(N(Cc2ccn(C)c2)C(=O)Nn2cnc3ccccc32)cc1
BENZO_45,O=C(Nn1cnc2ccccc21)N(Cc1ccsc1)c1ccc(N2CCCCC2)cc1
BENZO_46,O=C(Nn1cnc2ccccc21)N(Cc1ccccc1)c1ccc(N2CCCCC2)cc1
BENZO_47,O=C(Nn1cnc2ccccc21)N(Cc1cccc(Cl)c1)c1ccc(N2CCCCC2)cc1
BENZO_48,O=C(Nn1cnc2ccccc21)N(Cc1ccoc1)c1ccc(N2CCCCC2)cc1
BENZO_49,Cn1ccc(CN(C(=O)Nn2cnc3ccccc32)c2ccc(N3CCCCC3)cc2)c1
BENZO_50,Cc1ccc(N(Cc2ccsc2)C(=O)Nn2cnc3ccccc32)cc1
BENZO_51,Cc1ccc(N(Cc2ccccc2)C(=O)Nn2cnc3ccccc32)cc1
BENZO_52,Cc1ccc(N(Cc2cccc(Cl)c2)C(=O)Nn2cnc3ccccc32)cc1
BENZO_53,Cc1ccc(N(Cc2ccoc2)C(=O)Nn2cnc3ccccc32)cc1
BENZO_54,Cc1ccc(N(Cc2ccn(C)c2)C(=O)Nn2cnc3ccccc32)cc1
BENZO_55,COc1ccc(N(Cc2ccsc2)C(=O)Nn2cnc3ccccc32)cc1
BENZO_56,COc1ccc(N(Cc2ccccc2)C(=O)Nn2cnc3ccccc32)cc1
BENZO_57,COc1ccc(N(Cc2cccc(Cl)c2)C(=O)Nn2cnc3ccccc32)cc1
BENZO_58,COc1ccc(N(Cc2ccoc2)C(=O)Nn2cnc3ccccc32)cc1
BENZO_59,COc1ccc(N(Cc2ccn(C)c2)C(=O)Nn2cnc3ccccc32)cc1
BENZO_60,O=C1CCCCN1c1ccc(N(Cc2ccsc2)C(=O)Nn2cnc3ccccc32)cc1
BENZO_61,O=C1CCCCN1c1ccc(N(Cc2ccccc2)C(=O)Nn2cnc3ccccc32)cc1
BENZO_62,O=C1CCCCN1c1ccc(N(Cc2cccc(Cl)c2)C(=O)Nn2cnc3ccccc32)cc1
BENZO_63,O=C1CCCCN1c1ccc(N(Cc2ccoc2)C(=O)Nn2cnc3ccccc32)cc1
BENZO_64,Cn1ccc(CN(C(=O)Nn2cnc3ccccc32)c2ccc(N3CCCCC3=O)cc2)c1
BENZO_65,O=C(Nn1cnc2ccccc21)N(Cc1ccsc1)c1ccc(N2CCOCC2)cc1
BENZO_66,O=C(Nn1cnc2ccccc21)N(Cc1ccccc1)c1ccc(N2CCOCC2)cc1
BENZO_67,O=C(Nn1cnc2ccccc21)N(Cc1cccc(Cl)c1)c1ccc(N2CCOCC2)cc1
BENZO_68,O=C(Nn1cnc2ccccc21)N(Cc1ccoc1)c1ccc(N2CCOCC2)cc1
BENZO_69,Cn1ccc(CN(C(=O)Nn2cnc3ccccc32)c2ccc(N3CCOCC3)cc2)c1
BENZO_70,CN(C)c1ccc(N(Cc2ccsc2)C(=O)Nc2n[nH]c3ccccc23)cc1
BENZO_71,CN(C)c1ccc(N(Cc2ccccc2)C(=O)Nc2n[nH]c3ccccc23)cc1
BENZO_72,CN(C)c1ccc(N(Cc2cccc(Cl)c2)C(=O)Nc2n[nH]c3ccccc23)cc1
BENZO_73,CN(C)c1ccc(N(Cc2ccoc2)C(=O)Nc2n[nH]c3ccccc23)cc1
BENZO_74,CN(C)c1ccc(N(Cc2ccn(C)c2)C(=O)Nc2n[nH]c3ccccc23)cc1
BENZO_75,CCC(=O)Nc1ccc(N(Cc2ccsc2)C(=O)Nc2n[nH]c3ccccc23)cc1
BENZO_76,CCC(=O)Nc1ccc(N(Cc2ccccc2)C(=O)Nc2n[nH]c3ccccc23)cc1
BENZO_77,CCC(=O)Nc1ccc(N(Cc2cccc(Cl)c2)C(=O)Nc2n[nH]c3ccccc23)cc1
BENZO_78,CCC(=O)Nc1ccc(N(Cc2ccoc2)C(=O)Nc2n[nH]c3ccccc23)cc1
BENZO_79,CCC(=O)Nc1ccc(N(Cc2ccn(C)c2)C(=O)Nc2n[nH]c3ccccc23)cc1
BENZO_80,O=C(Nc1n[nH]c2ccccc12)N(Cc1ccsc1)c1ccc(N2CCCCC2)cc1
BENZO_81,O=C(Nc1n[nH]c2ccccc12)N(Cc1ccccc1)c1ccc(N2CCCCC2)cc1
BENZO_82,O=C(Nc1n[nH]c2ccccc12)N(Cc1cccc(Cl)c1)c1ccc(N2CCCCC2)cc1
BENZO_83,O=C(Nc1n[nH]c2ccccc12)N(Cc1ccoc1)c1ccc(N2CCCCC2)cc1
BENZO_84,Cn1ccc(CN(C(=O)Nc2n[nH]c3ccccc23)c2ccc(N3CCCCC3)cc2)c1
BENZO_85,Cc1ccc(N(Cc2ccsc2)C(=O)Nc2n[nH]c3ccccc23)cc1
BENZO_86,Cc1ccc(N(Cc2ccccc2)C(=O)Nc2n[nH]c3ccccc23)cc1
BENZO_87,Cc1ccc(N(Cc2cccc(Cl)c2)C(=O)Nc2n[nH]c3ccccc23)cc1
BENZO_88,Cc1ccc(N(Cc2ccoc2)C(=O)Nc2n[nH]c3ccccc23)cc1
BENZO_89,Cc1ccc(N(Cc2ccn(C)c2)C(=O)Nc2n[nH]c3ccccc23)cc1
BENZO_90,COc1ccc(N(Cc2ccsc2)C(=O)Nc2n[nH]c3ccccc23)cc1
BENZO_91,COc1ccc(N(Cc2ccccc2)C(=O)Nc2n[nH]c3ccccc23)cc1
BENZO_92,COc1ccc(N(Cc2cccc(Cl)c2)C(=O)Nc2n[nH]c3ccccc23)cc1
BENZO_93,COc1ccc(N(Cc2ccoc2)C(=O)Nc2n[nH]c3ccccc23)cc1
BENZO_94,COc1ccc(N(Cc2ccn(C)c2)C(=O)Nc2n[nH]c3ccccc23)cc1
BENZO_95,O=C1CCCCN1c1ccc(N(Cc2ccsc2)C(=O)Nc2n[nH]c3ccccc23)cc1
BENZO_96,O=C1CCCCN1c1ccc(N(Cc2ccccc2)C(=O)Nc2n[nH]c3ccccc23)cc1
BENZO_97,O=C1CCCCN1c1ccc(N(Cc2cccc(Cl)c2)C(=O)Nc2n[nH]c3ccccc23)cc1
BENZO_98,O=C1CCCCN1c1ccc(N(Cc2ccoc2)C(=O)Nc2n[nH]c3ccccc23)cc1
BENZO_99,Cn1ccc(CN(C(=O)Nc2n[nH]c3ccccc23)c2ccc(N3CCCCC3=O)cc2)c1
BENZO_100,O=C(Nc1n[nH]c2ccccc12)N(Cc1ccsc1)c1ccc(N2CCOCC2)cc1
BENZO_101,O=C(Nc1n[nH]c2ccccc12)N(Cc1ccccc1)c1ccc(N2CCOCC2)cc1
BENZO_102,O=C(Nc1n[nH]c2ccccc12)N(Cc1cccc(Cl)c1)c1ccc(N2CCOCC2)cc1
BENZO_103,O=C(Nc1n[nH]c2ccccc12)N(Cc1ccoc1)c1ccc(N2CCOCC2)cc1
BENZO_104,Cn1ccc(CN(C(=O)Nc2n[nH]c3ccccc23)c2ccc(N3CCOCC3)cc2)c1
BENZO_105,CN(C)c1ccc(N(Cc2ccsc2)C(=O)Nc2nnn3ccccc23)cc1
BENZO_106,CN(C)c1ccc(N(Cc2ccccc2)C(=O)Nc2nnn3ccccc23)cc1
BENZO_107,CN(C)c1ccc(N(Cc2cccc(Cl)c2)C(=O)Nc2nnn3ccccc23)cc1
BENZO_108,CN(C)c1ccc(N(Cc2ccoc2)C(=O)Nc2nnn3ccccc23)cc1
BENZO_109,CN(C)c1ccc(N(Cc2ccn(C)c2)C(=O)Nc2nnn3ccccc23)cc1
BENZO_110,CCC(=O)Nc1ccc(N(Cc2ccsc2)C(=O)Nc2nnn3ccccc23)cc1
BENZO_111,CCC(=O)Nc1ccc(N(Cc2ccccc2)C(=O)Nc2nnn3ccccc23)cc1
BENZO_112,CCC(=O)Nc1ccc(N(Cc2cccc(Cl)c2)C(=O)Nc2nnn3ccccc23)cc1
BENZO_113,CCC(=O)Nc1ccc(N(Cc2ccoc2)C(=O)Nc2nnn3ccccc23)cc1
BENZO_114,CCC(=O)Nc1ccc(N(Cc2ccn(C)c2)C(=O)Nc2nnn3ccccc23)cc1
BENZO_115,O=C(Nc1nnn2ccccc12)N(Cc1ccsc1)c1ccc(N2CCCCC2)cc1
BENZO_116,O=C(Nc1nnn2ccccc12)N(Cc1ccccc1)c1ccc(N2CCCCC2)cc1
BENZO_117,O=C(Nc1nnn2ccccc12)N(Cc1cccc(Cl)c1)c1ccc(N2CCCCC2)cc1
BENZO_118,O=C(Nc1nnn2ccccc12)N(Cc1ccoc1)c1ccc(N2CCCCC2)cc1
BENZO_119,Cn1ccc(CN(C(=O)Nc2nnn3ccccc23)c2ccc(N3CCCCC3)cc2)c1
BENZO_120,Cc1ccc(N(Cc2ccsc2)C(=O)Nc2nnn3ccccc23)cc1
BENZO_121,Cc1ccc(N(Cc2ccccc2)C(=O)Nc2nnn3ccccc23)cc1
BENZO_122,Cc1ccc(N(Cc2cccc(Cl)c2)C(=O)Nc2nnn3ccccc23)cc1
BENZO_123,Cc1ccc(N(Cc2ccoc2)C(=O)Nc2nnn3ccccc23)cc1
BENZO_124,Cc1ccc(N(Cc2ccn(C)c2)C(=O)Nc2nnn3ccccc23)cc1
BENZO_125,COc1ccc(N(Cc2ccsc2)C(=O)Nc2nnn3ccccc23)cc1
BENZO_126,COc1ccc(N(Cc2ccccc2)C(=O)Nc2nnn3ccccc23)cc1
BENZO_127,COc1ccc(N(Cc2cccc(Cl)c2)C(=O)Nc2nnn3ccccc23)cc1
BENZO_128,COc1ccc(N(Cc2ccoc2)C(=O)Nc2nnn3ccccc23)cc1
BENZO_129,COc1ccc(N(Cc2ccn(C)c2)C(=O)Nc2nnn3ccccc23)cc1
BENZO_130,O=C1CCCCN1c1ccc(N(Cc2ccsc2)C(=O)Nc2nnn3ccccc23)cc1
BENZO_131,O=C1CCCCN1c1ccc(N(Cc2ccccc2)C(=O)Nc2nnn3ccccc23)cc1
BENZO_132,O=C1CCCCN1c1ccc(N(Cc2cccc(Cl)c2)C(=O)Nc2nnn3ccccc23)cc1
BENZO_133,O=C1CCCCN1c1ccc(N(Cc2ccoc2)C(=O)Nc2nnn3ccccc23)cc1
BENZO_134,Cn1ccc(CN(C(=O)Nc2nnn3ccccc23)c2ccc(N3CCCCC3=O)cc2)c1
BENZO_135,O=C(Nc1nnn2ccccc12)N(Cc1ccsc1)c1ccc(N2CCOCC2)cc1
BENZO_136,O=C(Nc1nnn2ccccc12)N(Cc1ccccc1)c1ccc(N2CCOCC2)cc1
BENZO_137,O=C(Nc1nnn2ccccc12)N(Cc1cccc(Cl)c1)c1ccc(N2CCOCC2)cc1
BENZO_138,O=C(Nc1nnn2ccccc12)N(Cc1ccoc1)c1ccc(N2CCOCC2)cc1
BENZO_139,Cn1ccc(CN(C(=O)Nc2nnn3ccccc23)c2ccc(N3CCOCC3)cc2)c1
BENZO_140,CN(C)c1ccc(N(Cc2ccsc2)C(=O)Nc2c[nH]c3ccccc23)cc1
BENZO_141,CN(C)c1ccc(N(Cc2ccccc2)C(=O)Nc2c[nH]c3ccccc23)cc1
BENZO_142,CN(C)c1ccc(N(Cc2cccc(Cl)c2)C(=O)Nc2c[nH]c3ccccc23)cc1
BENZO_143,CN(C)c1ccc(N(Cc2ccoc2)C(=O)Nc2c[nH]c3ccccc23)cc1
BENZO_144,CN(C)c1ccc(N(Cc2ccn(C)c2)C(=O)Nc2c[nH]c3ccccc23)cc1
BENZO_145,CCC(=O)Nc1ccc(N(Cc2ccsc2)C(=O)Nc2c[nH]c3ccccc23)cc1
BENZO_146,CCC(=O)Nc1ccc(N(Cc2ccccc2)C(=O)Nc2c[nH]c3ccccc23)cc1
BENZO_147,CCC(=O)Nc1ccc(N(Cc2cccc(Cl)c2)C(=O)Nc2c[nH]c3ccccc23)cc1
BENZO_148,CCC(=O)Nc1ccc(N(Cc2ccoc2)C(=O)Nc2c[nH]c3ccccc23)cc1
BENZO_149,CCC(=O)Nc1ccc(N(Cc2ccn(C)c2)C(=O)Nc2c[nH]c3ccccc23)cc1
BENZO_150,O=C(Nc1c[nH]c2ccccc12)N(Cc1ccsc1)c1ccc(N2CCCCC2)cc1
BENZO_151,O=C(Nc1c[nH]c2ccccc12)N(Cc1ccccc1)c1ccc(N2CCCCC2)cc1
BENZO_152,O=C(Nc1c[nH]c2ccccc12)N(Cc1cccc(Cl)c1)c1ccc(N2CCCCC2)cc1
BENZO_153,O=C(Nc1c[nH]c2ccccc12)N(Cc1ccoc1)c1ccc(N2CCCCC2)cc1
BENZO_154,Cn1ccc(CN(C(=O)Nc2c[nH]c3ccccc23)c2ccc(N3CCCCC3)cc2)c1
BENZO_155,Cc1ccc(N(Cc2ccsc2)C(=O)Nc2c[nH]c3ccccc23)cc1
BENZO_156,Cc1ccc(N(Cc2ccccc2)C(=O)Nc2c[nH]c3ccccc23)cc1
BENZO_157,Cc1ccc(N(Cc2cccc(Cl)c2)C(=O)Nc2c[nH]c3ccccc23)cc1
BENZO_158,Cc1ccc(N(Cc2ccoc2)C(=O)Nc2c[nH]c3ccccc23)cc1
BENZO_159,Cc1ccc(N(Cc2ccn(C)c2)C(=O)Nc2c[nH]c3ccccc23)cc1
BENZO_160,COc1ccc(N(Cc2ccsc2)C(=O)Nc2c[nH]c3ccccc23)cc1
BENZO_161,COc1ccc(N(Cc2ccccc2)C(=O)Nc2c[nH]c3ccccc23)cc1
BENZO_162,COc1ccc(N(Cc2cccc(Cl)c2)C(=O)Nc2c[nH]c3ccccc23)cc1
BENZO_163,COc1ccc(N(Cc2ccoc2)C(=O)Nc2c[nH]c3ccccc23)cc1
BENZO_164,COc1ccc(N(Cc2ccn(C)c2)C(=O)Nc2c[nH]c3ccccc23)cc1
BENZO_165,O=C1CCCCN1c1ccc(N(Cc2ccsc2)C(=O)Nc2c[nH]c3ccccc23)cc1
BENZO_166,O=C1CCCCN1c1ccc(N(Cc2ccccc2)C(=O)Nc2c[nH]c3ccccc23)cc1
BENZO_167,O=C1CCCCN1c1ccc(N(Cc2cccc(Cl)c2)C(=O)Nc2c[nH]c3ccccc23)cc1
BENZO_168,O=C1CCCCN1c1ccc(N(Cc2ccoc2)C(=O)Nc2c[nH]c3ccccc23)cc1
BENZO_169,Cn1ccc(CN(C(=O)Nc2c[nH]c3ccccc23)c2ccc(N3CCCCC3=O)cc2)c1
BENZO_170,O=C(Nc1c[nH]c2ccccc12)N(Cc1ccsc1)c1ccc(N2CCOCC2)cc1
BENZO_171,O=C(Nc1c[nH]c2ccccc12)N(Cc1ccccc1)c1ccc(N2CCOCC2)cc1
BENZO_172,O=C(Nc1c[nH]c2ccccc12)N(Cc1cccc(Cl)c1)c1ccc(N2CCOCC2)cc1
BENZO_173,O=C(Nc1c[nH]c2ccccc12)N(Cc1ccoc1)c1ccc(N2CCOCC2)cc1
BENZO_174,Cn1ccc(CN(C(=O)Nc2c[nH]c3ccccc23)c2ccc(N3CCOCC3)cc2)c1
BENZO_175,CN(C)c1ccc(N(Cc2ccsc2)C(=O)Nc2nnc3ccccn23)cc1
BENZO_176,CN(C)c1ccc(N(Cc2ccccc2)C(=O)Nc2nnc3ccccn23)cc1
BENZO_177,CN(C)c1ccc(N(Cc2cccc(Cl)c2)C(=O)Nc2nnc3ccccn23)cc1
BENZO_178,CN(C)c1ccc(N(Cc2ccoc2)C(=O)Nc2nnc3ccccn23)cc1
BENZO_179,CN(C)c1ccc(N(Cc2ccn(C)c2)C(=O)Nc2nnc3ccccn23)cc1
BENZO_180,CCC(=O)Nc1ccc(N(Cc2ccsc2)C(=O)Nc2nnc3ccccn23)cc1
BENZO_181,CCC(=O)Nc1ccc(N(Cc2ccccc2)C(=O)Nc2nnc3ccccn23)cc1
BENZO_182,CCC(=O)Nc1ccc(N(Cc2cccc(Cl)c2)C(=O)Nc2nnc3ccccn23)cc1
BENZO_183,CCC(=O)Nc1ccc(N(Cc2ccoc2)C(=O)Nc2nnc3ccccn23)cc1
BENZO_184,CCC(=O)Nc1ccc(N(Cc2ccn(C)c2)C(=O)Nc2nnc3ccccn23)cc1
BENZO_185,O=C(Nc1nnc2ccccn12)N(Cc1ccsc1)c1ccc(N2CCCCC2)cc1
BENZO_186,O=C(Nc1nnc2ccccn12)N(Cc1ccccc1)c1ccc(N2CCCCC2)cc1
BENZO_187,O=C(Nc1nnc2ccccn12)N(Cc1cccc(Cl)c1)c1ccc(N2CCCCC2)cc1
BENZO_188,O=C(Nc1nnc2ccccn12)N(Cc1ccoc1)c1ccc(N2CCCCC2)cc1
BENZO_189,Cn1ccc(CN(C(=O)Nc2nnc3ccccn23)c2ccc(N3CCCCC3)cc2)c1
BENZO_190,Cc1ccc(N(Cc2ccsc2)C(=O)Nc2nnc3ccccn23)cc1
BENZO_191,Cc1ccc(N(Cc2ccccc2)C(=O)Nc2nnc3ccccn23)cc1
BENZO_192,Cc1ccc(N(Cc2cccc(Cl)c2)C(=O)Nc2nnc3ccccn23)cc1
BENZO_193,Cc1ccc(N(Cc2ccoc2)C(=O)Nc2nnc3ccccn23)cc1
BENZO_194,Cc1ccc(N(Cc2ccn(C)c2)C(=O)Nc2nnc3ccccn23)cc1
BENZO_195,COc1ccc(N(Cc2ccsc2)C(=O)Nc2nnc3ccccn23)cc1
BENZO_196,COc1ccc(N(Cc2ccccc2)C(=O)Nc2nnc3ccccn23)cc1
BENZO_197,COc1ccc(N(Cc2cccc(Cl)c2)C(=O)Nc2nnc3ccccn23)cc1
BENZO_198,COc1ccc(N(Cc2ccoc2)C(=O)Nc2nnc3ccccn23)cc1
BENZO_199,COc1ccc(N(Cc2ccn(C)c2)C(=O)Nc2nnc3ccccn23)cc1
BENZO_200,O=C1CCCCN1c1ccc(N(Cc2ccsc2)C(=O)Nc2nnc3ccccn23)cc1
BENZO_201,O=C1CCCCN1c1ccc(N(Cc2ccccc2)C(=O)Nc2nnc3ccccn23)cc1
BENZO_202,O=C1CCCCN1c1ccc(N(Cc2cccc(Cl)c2)C(=O)Nc2nnc3ccccn23)cc1
BENZO_203,O=C1CCCCN1c1ccc(N(Cc2ccoc2)C(=O)Nc2nnc3ccccn23)cc1
BENZO_204,Cn1ccc(CN(C(=O)Nc2nnc3ccccn23)c2ccc(N3CCCCC3=O)cc2)c1
BENZO_205,O=C(Nc1nnc2ccccn12)N(Cc1ccsc1)c1ccc(N2CCOCC2)cc1
BENZO_206,O=C(Nc1nnc2ccccn12)N(Cc1ccccc1)c1ccc(N2CCOCC2)cc1
BENZO_207,O=C(Nc1nnc2ccccn12)N(Cc1cccc(Cl)c1)c1ccc(N2CCOCC2)cc1
BENZO_208,O=C(Nc1nnc2ccccn12)N(Cc1ccoc1)c1ccc(N2CCOCC2)cc1
BENZO_209,Cn1ccc(CN(C(=O)Nc2nnc3ccccn23)c2ccc(N3CCOCC3)cc2)c1
BENZO_210,CN(C)c1ccc(C(Cc2ccsc2)C(=O)Nn2nnc3ccccc32)cc1
BENZO_211,CN(C)c1ccc(C(Cc2ccccc2)C(=O)Nn2nnc3ccccc32)cc1
BENZO_212,CN(C)c1ccc(C(Cc2cccc(Cl)c2)C(=O)Nn2nnc3ccccc32)cc1
BENZO_213,CN(C)c1ccc(C(Cc2ccoc2)C(=O)Nn2nnc3ccccc32)cc1
BENZO_214,CN(C)c1ccc(C(Cc2ccn(C)c2)C(=O)Nn2nnc3ccccc32)cc1
BENZO_215,CCC(=O)Nc1ccc(C(Cc2ccsc2)C(=O)Nn2nnc3ccccc32)cc1
BENZO_216,CCC(=O)Nc1ccc(C(Cc2ccccc2)C(=O)Nn2nnc3ccccc32)cc1
BENZO_217,CCC(=O)Nc1ccc(C(Cc2cccc(Cl)c2)C(=O)Nn2nnc3ccccc32)cc1
BENZO_218,CCC(=O)Nc1ccc(C(Cc2ccoc2)C(=O)Nn2nnc3ccccc32)cc1
BENZO_219,CCC(=O)Nc1ccc(C(Cc2ccn(C)c2)C(=O)Nn2nnc3ccccc32)cc1
BENZO_220,O=C(Nn1nnc2ccccc21)C(Cc1ccsc1)c1ccc(N2CCCCC2)cc1
BENZO_221,O=C(Nn1nnc2ccccc21)C(Cc1ccccc1)c1ccc(N2CCCCC2)cc1
BENZO_222,O=C(Nn1nnc2ccccc21)C(Cc1cccc(Cl)c1)c1ccc(N2CCCCC2)cc1
BENZO_223,O=C(Nn1nnc2ccccc21)C(Cc1ccoc1)c1ccc(N2CCCCC2)cc1
BENZO_224,Cn1ccc(CC(C(=O)Nn2nnc3ccccc32)c2ccc(N3CCCCC3)cc2)c1
BENZO_225,Cc1ccc(C(Cc2ccsc2)C(=O)Nn2nnc3ccccc32)cc1
BENZO_226,Cc1ccc(C(Cc2ccccc2)C(=O)Nn2nnc3ccccc32)cc1
BENZO_227,Cc1ccc(C(Cc2cccc(Cl)c2)C(=O)Nn2nnc3ccccc32)cc1
BENZO_228,Cc1ccc(C(Cc2ccoc2)C(=O)Nn2nnc3ccccc32)cc1
BENZO_229,Cc1ccc(C(Cc2ccn(C)c2)C(=O)Nn2nnc3ccccc32)cc1
BENZO_230,COc1ccc(C(Cc2ccsc2)C(=O)Nn2nnc3ccccc32)cc1
BENZO_231,COc1ccc(C(Cc2ccccc2)C(=O)Nn2nnc3ccccc32)cc1
BENZO_232,COc1ccc(C(Cc2cccc(Cl)c2)C(=O)Nn2nnc3ccccc32)cc1
BENZO_233,COc1ccc(C(Cc2ccoc2)C(=O)Nn2nnc3ccccc32)cc1
BENZO_234,COc1ccc(C(Cc2ccn(C)c2)C(=O)Nn2nnc3ccccc32)cc1
BENZO_235,O=C(Nn1nnc2ccccc21)C(Cc1ccsc1)c1ccc(N2CCCCC2=O)cc1
BENZO_236,O=C(Nn1nnc2ccccc21)C(Cc1ccccc1)c1ccc(N2CCCCC2=O)cc1
BENZO_237,O=C(Nn1nnc2ccccc21)C(Cc1cccc(Cl)c1)c1ccc(N2CCCCC2=O)cc1
BENZO_238,O=C(Nn1nnc2ccccc21)C(Cc1ccoc1)c1ccc(N2CCCCC2=O)cc1
BENZO_239,Cn1ccc(CC(C(=O)Nn2nnc3ccccc32)c2ccc(N3CCCCC3=O)cc2)c1
BENZO_240,O=C(Nn1nnc2ccccc21)C(Cc1ccsc1)c1ccc(N2CCOCC2)cc1
BENZO_241,O=C(Nn1nnc2ccccc21)C(Cc1ccccc1)c1ccc(N2CCOCC2)cc1
BENZO_242,O=C(Nn1nnc2ccccc21)C(Cc1cccc(Cl)c1)c1ccc(N2CCOCC2)cc1
BENZO_243,O=C(Nn1nnc2ccccc21)C(Cc1ccoc1)c1ccc(N2CCOCC2)cc1
BENZO_244,Cn1ccc(CC(C(=O)Nn2nnc3ccccc32)c2ccc(N3CCOCC3)cc2)c1
BENZO_245,CN(C)c1ccc(C(Cc2ccsc2)C(=O)Nn2cnc3ccccc32)cc1
BENZO_246,CN(C)c1ccc(C(Cc2ccccc2)C(=O)Nn2cnc3ccccc32)cc1
BENZO_247,CN(C)c1ccc(C(Cc2cccc(Cl)c2)C(=O)Nn2cnc3ccccc32)cc1
BENZO_248,CN(C)c1ccc(C(Cc2ccoc2)C(=O)Nn2cnc3ccccc32)cc1
BENZO_249,CN(C)c1ccc(C(Cc2ccn(C)c2)C(=O)Nn2cnc3ccccc32)cc1
BENZO_250,CCC(=O)Nc1ccc(C(Cc2ccsc2)C(=O)Nn2cnc3ccccc32)cc1
BENZO_251,CCC(=O)Nc1ccc(C(Cc2ccccc2)C(=O)Nn2cnc3ccccc32)cc1
BENZO_252,CCC(=O)Nc1ccc(C(Cc2cccc(Cl)c2)C(=O)Nn2cnc3ccccc32)cc1
BENZO_253,CCC(=O)Nc1ccc(C(Cc2ccoc2)C(=O)Nn2cnc3ccccc32)cc1
BENZO_254,CCC(=O)Nc1ccc(C(Cc2ccn(C)c2)C(=O)Nn2cnc3ccccc32)cc1
BENZO_255,O=C(Nn1cnc2ccccc21)C(Cc1ccsc1)c1ccc(N2CCCCC2)cc1
BENZO_256,O=C(Nn1cnc2ccccc21)C(Cc1ccccc1)c1ccc(N2CCCCC2)cc1
BENZO_257,O=C(Nn1cnc2ccccc21)C(Cc1cccc(Cl)c1)c1ccc(N2CCCCC2)cc1
BENZO_258,O=C(Nn1cnc2ccccc21)C(Cc1ccoc1)c1ccc(N2CCCCC2)cc1
BENZO_259,Cn1ccc(CC(C(=O)Nn2cnc3ccccc32)c2ccc(N3CCCCC3)cc2)c1
BENZO_260,Cc1ccc(C(Cc2ccsc2)C(=O)Nn2cnc3ccccc32)cc1
BENZO_261,Cc1ccc(C(Cc2ccccc2)C(=O)Nn2cnc3ccccc32)cc1
BENZO_262,Cc1ccc(C(Cc2cccc(Cl)c2)C(=O)Nn2cnc3ccccc32)cc1
BENZO_263,Cc1ccc(C(Cc2ccoc2)C(=O)Nn2cnc3ccccc32)cc1
BENZO_264,Cc1ccc(C(Cc2ccn(C)c2)C(=O)Nn2cnc3ccccc32)cc1
BENZO_265,COc1ccc(C(Cc2ccsc2)C(=O)Nn2cnc3ccccc32)cc1
BENZO_266,COc1ccc(C(Cc2ccccc2)C(=O)Nn2cnc3ccccc32)cc1
BENZO_267,COc1ccc(C(Cc2cccc(Cl)c2)C(=O)Nn2cnc3ccccc32)cc1
BENZO_268,COc1ccc(C(Cc2ccoc2)C(=O)Nn2cnc3ccccc32)cc1
BENZO_269,COc1ccc(C(Cc2ccn(C)c2)C(=O)Nn2cnc3ccccc32)cc1
BENZO_270,O=C(Nn1cnc2ccccc21)C(Cc1ccsc1)c1ccc(N2CCCCC2=O)cc1
BENZO_271,O=C(Nn1cnc2ccccc21)C(Cc1ccccc1)c1ccc(N2CCCCC2=O)cc1
BENZO_272,O=C(Nn1cnc2ccccc21)C(Cc1cccc(Cl)c1)c1ccc(N2CCCCC2=O)cc1
BENZO_273,O=C(Nn1cnc2ccccc21)C(Cc1ccoc1)c1ccc(N2CCCCC2=O)cc1
BENZO_274,Cn1ccc(CC(C(=O)Nn2cnc3ccccc32)c2ccc(N3CCCCC3=O)cc2)c1
BENZO_275,O=C(Nn1cnc2ccccc21)C(Cc1ccsc1)c1ccc(N2CCOCC2)cc1
BENZO_276,O=C(Nn1cnc2ccccc21)C(Cc1ccccc1)c1ccc(N2CCOCC2)cc1
BENZO_277,O=C(Nn1cnc2ccccc21)C(Cc1cccc(Cl)c1)c1ccc(N2CCOCC2)cc1
BENZO_278,O=C(Nn1cnc2ccccc21)C(Cc1ccoc1)c1ccc(N2CCOCC2)cc1
BENZO_279,Cn1ccc(CC(C(=O)Nn2cnc3ccccc32)c2ccc(N3CCOCC3)cc2)c1
BENZO_280,CN(C)c1ccc(C(Cc2ccsc2)C(=O)Nc2n[nH]c3ccccc23)cc1
BENZO_281,CN(C)c1ccc(C(Cc2ccccc2)C(=O)Nc2n[nH]c3ccccc23)cc1
BENZO_282,CN(C)c1ccc(C(Cc2cccc(Cl)c2)C(=O)Nc2n[nH]c3ccccc23)cc1
BENZO_283,CN(C)c1ccc(C(Cc2ccoc2)C(=O)Nc2n[nH]c3ccccc23)cc1
BENZO_284,CN(C)c1ccc(C(Cc2ccn(C)c2)C(=O)Nc2n[nH]c3ccccc23)cc1
BENZO_285,CCC(=O)Nc1ccc(C(Cc2ccsc2)C(=O)Nc2n[nH]c3ccccc23)cc1
BENZO_286,CCC(=O)Nc1ccc(C(Cc2ccccc2)C(=O)Nc2n[nH]c3ccccc23)cc1
BENZO_287,CCC(=O)Nc1ccc(C(Cc2cccc(Cl)c2)C(=O)Nc2n[nH]c3ccccc23)cc1
BENZO_288,CCC(=O)Nc1ccc(C(Cc2ccoc2)C(=O)Nc2n[nH]c3ccccc23)cc1
BENZO_289,CCC(=O)Nc1ccc(C(Cc2ccn(C)c2)C(=O)Nc2n[nH]c3ccccc23)cc1
BENZO_290,O=C(Nc1n[nH]c2ccccc12)C(Cc1ccsc1)c1ccc(N2CCCCC2)cc1
BENZO_291,O=C(Nc1n[nH]c2ccccc12)C(Cc1ccccc1)c1ccc(N2CCCCC2)cc1
BENZO_292,O=C(Nc1n[nH]c2ccccc12)C(Cc1cccc(Cl)c1)c1ccc(N2CCCCC2)cc1
BENZO_293,O=C(Nc1n[nH]c2ccccc12)C(Cc1ccoc1)c1ccc(N2CCCCC2)cc1
BENZO_294,Cn1ccc(CC(C(=O)Nc2n[nH]c3ccccc23)c2ccc(N3CCCCC3)cc2)c1
BENZO_295,Cc1ccc(C(Cc2ccsc2)C(=O)Nc2n[nH]c3ccccc23)cc1
BENZO_296,Cc1ccc(C(Cc2ccccc2)C(=O)Nc2n[nH]c3ccccc23)cc1
BENZO_297,Cc1ccc(C(Cc2cccc(Cl)c2)C(=O)Nc2n[nH]c3ccccc23)cc1
BENZO_298,Cc1ccc(C(Cc2ccoc2)C(=O)Nc2n[nH]c3ccccc23)cc1
BENZO_299,Cc1ccc(C(Cc2ccn(C)c2)C(=O)Nc2n[nH]c3ccccc23)cc1
BENZO_300,COc1ccc(C(Cc2ccsc2)C(=O)Nc2n[nH]c3ccccc23)cc1
BENZO_301,COc1ccc(C(Cc2ccccc2)C(=O)Nc2n[nH]c3ccccc23)cc1
BENZO_302,COc1ccc(C(Cc2cccc(Cl)c2)C(=O)Nc2n[nH]c3ccccc23)cc1
BENZO_303,COc1ccc(C(Cc2ccoc2)C(=O)Nc2n[nH]c3ccccc23)cc1
BENZO_304,COc1ccc(C(Cc2ccn(C)c2)C(=O)Nc2n[nH]c3ccccc23)cc1
BENZO_305,O=C(Nc1n[nH]c2ccccc12)C(Cc1ccsc1)c1ccc(N2CCCCC2=O)cc1
BENZO_306,O=C(Nc1n[nH]c2ccccc12)C(Cc1ccccc1)c1ccc(N2CCCCC2=O)cc1
BENZO_307,O=C(Nc1n[nH]c2ccccc12)C(Cc1cccc(Cl)c1)c1ccc(N2CCCCC2=O)cc1
BENZO_308,O=C(Nc1n[nH]c2ccccc12)C(Cc1ccoc1)c1ccc(N2CCCCC2=O)cc1
BENZO_309,Cn1ccc(CC(C(=O)Nc2n[nH]c3ccccc23)c2ccc(N3CCCCC3=O)cc2)c1
BENZO_310,O=C(Nc1n[nH]c2ccccc12)C(Cc1ccsc1)c1ccc(N2CCOCC2)cc1
BENZO_311,O=C(Nc1n[nH]c2ccccc12)C(Cc1ccccc1)c1ccc(N2CCOCC2)cc1
BENZO_312,O=C(Nc1n[nH]c2ccccc12)C(Cc1cccc(Cl)c1)c1ccc(N2CCOCC2)cc1
BENZO_313,O=C(Nc1n[nH]c2ccccc12)C(Cc1ccoc1)c1ccc(N2CCOCC2)cc1
BENZO_314,Cn1ccc(CC(C(=O)Nc2n[nH]c3ccccc23)c2ccc(N3CCOCC3)cc2)c1
BENZO_315,CN(C)c1ccc(C(Cc2ccsc2)C(=O)Nc2nnn3ccccc23)cc1
BENZO_316,CN(C)c1ccc(C(Cc2ccccc2)C(=O)Nc2nnn3ccccc23)cc1
BENZO_317,CN(C)c1ccc(C(Cc2cccc(Cl)c2)C(=O)Nc2nnn3ccccc23)cc1
BENZO_318,CN(C)c1ccc(C(Cc2ccoc2)C(=O)Nc2nnn3ccccc23)cc1
BENZO_319,CN(C)c1ccc(C(Cc2ccn(C)c2)C(=O)Nc2nnn3ccccc23)cc1
BENZO_320,CCC(=O)Nc1ccc(C(Cc2ccsc2)C(=O)Nc2nnn3ccccc23)cc1
BENZO_321,CCC(=O)Nc1ccc(C(Cc2ccccc2)C(=O)Nc2nnn3ccccc23)cc1
BENZO_322,CCC(=O)Nc1ccc(C(Cc2cccc(Cl)c2)C(=O)Nc2nnn3ccccc23)cc1
BENZO_323,CCC(=O)Nc1ccc(C(Cc2ccoc2)C(=O)Nc2nnn3ccccc23)cc1
BENZO_324,CCC(=O)Nc1ccc(C(Cc2ccn(C)c2)C(=O)Nc2nnn3ccccc23)cc1
BENZO_325,O=C(Nc1nnn2ccccc12)C(Cc1ccsc1)c1ccc(N2CCCCC2)cc1
BENZO_326,O=C(Nc1nnn2ccccc12)C(Cc1ccccc1)c1ccc(N2CCCCC2)cc1
BENZO_327,O=C(Nc1nnn2ccccc12)C(Cc1cccc(Cl)c1)c1ccc(N2CCCCC2)cc1
BENZO_328,O=C(Nc1nnn2ccccc12)C(Cc1ccoc1)c1ccc(N2CCCCC2)cc1
BENZO_329,Cn1ccc(CC(C(=O)Nc2nnn3ccccc23)c2ccc(N3CCCCC3)cc2)c1
BENZO_330,Cc1ccc(C(Cc2ccsc2)C(=O)Nc2nnn3ccccc23)cc1
BENZO_331,Cc1ccc(C(Cc2ccccc2)C(=O)Nc2nnn3ccccc23)cc1
BENZO_332,Cc1ccc(C(Cc2cccc(Cl)c2)C(=O)Nc2nnn3ccccc23)cc1
BENZO_333,Cc1ccc(C(Cc2ccoc2)C(=O)Nc2nnn3ccccc23)cc1
BENZO_334,Cc1ccc(C(Cc2ccn(C)c2)C(=O)Nc2nnn3ccccc23)cc1
BENZO_335,COc1ccc(C(Cc2ccsc2)C(=O)Nc2nnn3ccccc23)cc1
BENZO_336,COc1ccc(C(Cc2ccccc2)C(=O)Nc2nnn3ccccc23)cc1
BENZO_337,COc1ccc(C(Cc2cccc(Cl)c2)C(=O)Nc2nnn3ccccc23)cc1
BENZO_338,COc1ccc(C(Cc2ccoc2)C(=O)Nc2nnn3ccccc23)cc1
BENZO_339,COc1ccc(C(Cc2ccn(C)c2)C(=O)Nc2nnn3ccccc23)cc1
BENZO_340,O=C(Nc1nnn2ccccc12)C(Cc1ccsc1)c1ccc(N2CCCCC2=O)cc1
BENZO_341,O=C(Nc1nnn2ccccc12)C(Cc1ccccc1)c1ccc(N2CCCCC2=O)cc1
BENZO_342,O=C(Nc1nnn2ccccc12)C(Cc1cccc(Cl)c1)c1ccc(N2CCCCC2=O)cc1
BENZO_343,O=C(Nc1nnn2ccccc12)C(Cc1ccoc1)c1ccc(N2CCCCC2=O)cc1
BENZO_344,Cn1ccc(CC(C(=O)Nc2nnn3ccccc23)c2ccc(N3CCCCC3=O)cc2)c1
BENZO_345,O=C(Nc1nnn2ccccc12)C(Cc1ccsc1)c1ccc(N2CCOCC2)cc1
BENZO_346,O=C(Nc1nnn2ccccc12)C(Cc1ccccc1)c1ccc(N2CCOCC2)cc1
BENZO_347,O=C(Nc1nnn2ccccc12)C(Cc1cccc(Cl)c1)c1ccc(N2CCOCC2)cc1
BENZO_348,O=C(Nc1nnn2ccccc12)C(Cc1ccoc1)c1ccc(N2CCOCC2)cc1
BENZO_349,Cn1ccc(CC(C(=O)Nc2nnn3ccccc23)c2ccc(N3CCOCC3)cc2)c1
BENZO_350,CN(C)c1ccc(C(Cc2ccsc2)C(=O)Nc2c[nH]c3ccccc23)cc1
BENZO_351,CN(C)c1ccc(C(Cc2ccccc2)C(=O)Nc2c[nH]c3ccccc23)cc1
BENZO_352,CN(C)c1ccc(C(Cc2cccc(Cl)c2)C(=O)Nc2c[nH]c3ccccc23)cc1
BENZO_353,CN(C)c1ccc(C(Cc2ccoc2)C(=O)Nc2c[nH]c3ccccc23)cc1
BENZO_354,CN(C)c1ccc(C(Cc2ccn(C)c2)C(=O)Nc2c[nH]c3ccccc23)cc1
BENZO_355,CCC(=O)Nc1ccc(C(Cc2ccsc2)C(=O)Nc2c[nH]c3ccccc23)cc1
BENZO_356,CCC(=O)Nc1ccc(C(Cc2ccccc2)C(=O)Nc2c[nH]c3ccccc23)cc1
BENZO_357,CCC(=O)Nc1ccc(C(Cc2cccc(Cl)c2)C(=O)Nc2c[nH]c3ccccc23)cc1
BENZO_358,CCC(=O)Nc1ccc(C(Cc2ccoc2)C(=O)Nc2c[nH]c3ccccc23)cc1
BENZO_359,CCC(=O)Nc1ccc(C(Cc2ccn(C)c2)C(=O)Nc2c[nH]c3ccccc23)cc1
BENZO_360,O=C(Nc1c[nH]c2ccccc12)C(Cc1ccsc1)c1ccc(N2CCCCC2)cc1
BENZO_361,O=C(Nc1c[nH]c2ccccc12)C(Cc1ccccc1)c1ccc(N2CCCCC2)cc1
BENZO_362,O=C(Nc1c[nH]c2ccccc12)C(Cc1cccc(Cl)c1)c1ccc(N2CCCCC2)cc1
BENZO_363,O=C(Nc1c[nH]c2ccccc12)C(Cc1ccoc1)c1ccc(N2CCCCC2)cc1
BENZO_364,Cn1ccc(CC(C(=O)Nc2c[nH]c3ccccc23)c2ccc(N3CCCCC3)cc2)c1
BENZO_365,Cc1ccc(C(Cc2ccsc2)C(=O)Nc2c[nH]c3ccccc23)cc1
BENZO_366,Cc1ccc(C(Cc2ccccc2)C(=O)Nc2c[nH]c3ccccc23)cc1
BENZO_367,Cc1ccc(C(Cc2cccc(Cl)c2)C(=O)Nc2c[nH]c3ccccc23)cc1
BENZO_368,Cc1ccc(C(Cc2ccoc2)C(=O)Nc2c[nH]c3ccccc23)cc1
BENZO_369,Cc1ccc(C(Cc2ccn(C)c2)C(=O)Nc2c[nH]c3ccccc23)cc1
BENZO_370,COc1ccc(C(Cc2ccsc2)C(=O)Nc2c[nH]c3ccccc23)cc1
BENZO_371,COc1ccc(C(Cc2ccccc2)C(=O)Nc2c[nH]c3ccccc23)cc1
BENZO_372,COc1ccc(C(Cc2cccc(Cl)c2)C(=O)Nc2c[nH]c3ccccc23)cc1
BENZO_373,COc1ccc(C(Cc2ccoc2)C(=O)Nc2c[nH]c3ccccc23)cc1
BENZO_374,COc1ccc(C(Cc2ccn(C)c2)C(=O)Nc2c[nH]c3ccccc23)cc1
BENZO_375,O=C(Nc1c[nH]c2ccccc12)C(Cc1ccsc1)c1ccc(N2CCCCC2=O)cc1
BENZO_376,O=C(Nc1c[nH]c2ccccc12)C(Cc1ccccc1)c1ccc(N2CCCCC2=O)cc1
BENZO_377,O=C(Nc1c[nH]c2ccccc12)C(Cc1cccc(Cl)c1)c1ccc(N2CCCCC2=O)cc1
BENZO_378,O=C(Nc1c[nH]c2ccccc12)C(Cc1ccoc1)c1ccc(N2CCCCC2=O)cc1
BENZO_379,Cn1ccc(CC(C(=O)Nc2c[nH]c3ccccc23)c2ccc(N3CCCCC3=O)cc2)c1
BENZO_380,O=C(Nc1c[nH]c2ccccc12)C(Cc1ccsc1)c1ccc(N2CCOCC2)cc1
BENZO_381,O=C(Nc1c[nH]c2ccccc12)C(Cc1ccccc1)c1ccc(N2CCOCC2)cc1
BENZO_382,O=C(Nc1c[nH]c2ccccc12)C(Cc1cccc(Cl)c1)c1ccc(N2CCOCC2)cc1
BENZO_383,O=C(Nc1c[nH]c2ccccc12)C(Cc1ccoc1)c1ccc(N2CCOCC2)cc1
BENZO_384,Cn1ccc(CC(C(=O)Nc2c[nH]c3ccccc23)c2ccc(N3CCOCC3)cc2)c1
BENZO_385,CN(C)c1ccc(C(Cc2ccsc2)C(=O)Nc2nnc3ccccn23)cc1
BENZO_386,CN(C)c1ccc(C(Cc2ccccc2)C(=O)Nc2nnc3ccccn23)cc1
BENZO_387,CN(C)c1ccc(C(Cc2cccc(Cl)c2)C(=O)Nc2nnc3ccccn23)cc1
BENZO_388,CN(C)c1ccc(C(Cc2ccoc2)C(=O)Nc2nnc3ccccn23)cc1
BENZO_389,CN(C)c1ccc(C(Cc2ccn(C)c2)C(=O)Nc2nnc3ccccn23)cc1
BENZO_390,CCC(=O)Nc1ccc(C(Cc2ccsc2)C(=O)Nc2nnc3ccccn23)cc1
BENZO_391,CCC(=O)Nc1ccc(C(Cc2ccccc2)C(=O)Nc2nnc3ccccn23)cc1
BENZO_392,CCC(=O)Nc1ccc(C(Cc2cccc(Cl)c2)C(=O)Nc2nnc3ccccn23)cc1
BENZO_393,CCC(=O)Nc1ccc(C(Cc2ccoc2)C(=O)Nc2nnc3ccccn23)cc1
BENZO_394,CCC(=O)Nc1ccc(C(Cc2ccn(C)c2)C(=O)Nc2nnc3ccccn23)cc1
BENZO_395,O=C(Nc1nnc2ccccn12)C(Cc1ccsc1)c1ccc(N2CCCCC2)cc1
BENZO_396,O=C(Nc1nnc2ccccn12)C(Cc1ccccc1)c1ccc(N2CCCCC2)cc1
BENZO_397,O=C(Nc1nnc2ccccn12)C(Cc1cccc(Cl)c1)c1ccc(N2CCCCC2)cc1
BENZO_398,O=C(Nc1nnc2ccccn12)C(Cc1ccoc1)c1ccc(N2CCCCC2)cc1
BENZO_399,Cn1ccc(CC(C(=O)Nc2nnc3ccccn23)c2ccc(N3CCCCC3)cc2)c1
BENZO_400,Cc1ccc(C(Cc2ccsc2)C(=O)Nc2nnc3ccccn23)cc1
BENZO_401,Cc1ccc(C(Cc2ccccc2)C(=O)Nc2nnc3ccccn23)cc1
BENZO_402,Cc1ccc(C(Cc2cccc(Cl)c2)C(=O)Nc2nnc3ccccn23)cc1
BENZO_403,Cc1ccc(C(Cc2ccoc2)C(=O)Nc2nnc3ccccn23)cc1
BENZO_404,Cc1ccc(C(Cc2ccn(C)c2)C(=O)Nc2nnc3ccccn23)cc1
BENZO_405,COc1ccc(C(Cc2ccsc2)C(=O)Nc2nnc3ccccn23)cc1
BENZO_406,COc1ccc(C(Cc2ccccc2)C(=O)Nc2nnc3ccccn23)cc1
BENZO_407,COc1ccc(C(Cc2cccc(Cl)c2)C(=O)Nc2nnc3ccccn23)cc1
BENZO_408,COc1ccc(C(Cc2ccoc2)C(=O)Nc2nnc3ccccn23)cc1
BENZO_409,COc1ccc(C(Cc2ccn(C)c2)C(=O)Nc2nnc3ccccn23)cc1
BENZO_410,O=C(Nc1nnc2ccccn12)C(Cc1ccsc1)c1ccc(N2CCCCC2=O)cc1
BENZO_411,O=C(Nc1nnc2ccccn12)C(Cc1ccccc1)c1ccc(N2CCCCC2=O)cc1
BENZO_412,O=C(Nc1nnc2ccccn12)C(Cc1cccc(Cl)c1)c1ccc(N2CCCCC2=O)cc1
BENZO_413,O=C(Nc1nnc2ccccn12)C(Cc1ccoc1)c1ccc(N2CCCCC2=O)cc1
BENZO_414,Cn1ccc(CC(C(=O)Nc2nnc3ccccn23)c2ccc(N3CCCCC3=O)cc2)c1
BENZO_415,O=C(Nc1nnc2ccccn12)C(Cc1ccsc1)c1ccc(N2CCOCC2)cc1
BENZO_416,O=C(Nc1nnc2ccccn12)C(Cc1ccccc1)c1ccc(N2CCOCC2)cc1
BENZO_417,O=C(Nc1nnc2ccccn12)C(Cc1cccc(Cl)c1)c1ccc(N2CCOCC2)cc1
BENZO_418,O=C(Nc1nnc2ccccn12)C(Cc1ccoc1)c1ccc(N2CCOCC2)cc1
BENZO_419,Cn1ccc(CC(C(=O)Nc2nnc3ccccn23)c2ccc(N3CCOCC3)cc2)c1
BENZO_420,CN(C)c1ccc(N(Cc2ccsc2)C(=O)Cn2nnc3ccccc32)cc1
BENZO_421,CN(C)c1ccc(N(Cc2ccccc2)C(=O)Cn2nnc3ccccc32)cc1
BENZO_422,CN(C)c1ccc(N(Cc2cccc(Cl)c2)C(=O)Cn2nnc3ccccc32)cc1
BENZO_423,CN(C)c1ccc(N(Cc2ccoc2)C(=O)Cn2nnc3ccccc32)cc1
BENZO_424,CN(C)c1ccc(N(Cc2ccn(C)c2)C(=O)Cn2nnc3ccccc32)cc1
BENZO_425,CCC(=O)Nc1ccc(N(Cc2ccsc2)C(=O)Cn2nnc3ccccc32)cc1
BENZO_426,CCC(=O)Nc1ccc(N(Cc2ccccc2)C(=O)Cn2nnc3ccccc32)cc1
BENZO_427,CCC(=O)Nc1ccc(N(Cc2cccc(Cl)c2)C(=O)Cn2nnc3ccccc32)cc1
BENZO_428,CCC(=O)Nc1ccc(N(Cc2ccoc2)C(=O)Cn2nnc3ccccc32)cc1
BENZO_429,CCC(=O)Nc1ccc(N(Cc2ccn(C)c2)C(=O)Cn2nnc3ccccc32)cc1
BENZO_430,O=C(Cn1nnc2ccccc21)N(Cc1ccsc1)c1ccc(N2CCCCC2)cc1
BENZO_431,O=C(Cn1nnc2ccccc21)N(Cc1ccccc1)c1ccc(N2CCCCC2)cc1
BENZO_432,O=C(Cn1nnc2ccccc21)N(Cc1cccc(Cl)c1)c1ccc(N2CCCCC2)cc1
BENZO_433,O=C(Cn1nnc2ccccc21)N(Cc1ccoc1)c1ccc(N2CCCCC2)cc1
BENZO_434,Cn1ccc(CN(C(=O)Cn2nnc3ccccc32)c2ccc(N3CCCCC3)cc2)c1
BENZO_435,Cc1ccc(N(Cc2ccsc2)C(=O)Cn2nnc3ccccc32)cc1
BENZO_436,Cc1ccc(N(Cc2ccccc2)C(=O)Cn2nnc3ccccc32)cc1
BENZO_437,Cc1ccc(N(Cc2cccc(Cl)c2)C(=O)Cn2nnc3ccccc32)cc1
BENZO_438,Cc1ccc(N(Cc2ccoc2)C(=O)Cn2nnc3ccccc32)cc1
BENZO_439,Cc1ccc(N(Cc2ccn(C)c2)C(=O)Cn2nnc3ccccc32)cc1
BENZO_440,COc1ccc(N(Cc2ccsc2)C(=O)Cn2nnc3ccccc32)cc1
BENZO_441,COc1ccc(N(Cc2ccccc2)C(=O)Cn2nnc3ccccc32)cc1
BENZO_442,COc1ccc(N(Cc2cccc(Cl)c2)C(=O)Cn2nnc3ccccc32)cc1
BENZO_443,COc1ccc(N(Cc2ccoc2)C(=O)Cn2nnc3ccccc32)cc1
BENZO_444,COc1ccc(N(Cc2ccn(C)c2)C(=O)Cn2nnc3ccccc32)cc1
BENZO_445,O=C1CCCCN1c1ccc(N(Cc2ccsc2)C(=O)Cn2nnc3ccccc32)cc1
BENZO_446,O=C1CCCCN1c1ccc(N(Cc2ccccc2)C(=O)Cn2nnc3ccccc32)cc1
BENZO_447,O=C1CCCCN1c1ccc(N(Cc2cccc(Cl)c2)C(=O)Cn2nnc3ccccc32)cc1
BENZO_448,O=C1CCCCN1c1ccc(N(Cc2ccoc2)C(=O)Cn2nnc3ccccc32)cc1
BENZO_449,Cn1ccc(CN(C(=O)Cn2nnc3ccccc32)c2ccc(N3CCCCC3=O)cc2)c1
BENZO_450,O=C(Cn1nnc2ccccc21)N(Cc1ccsc1)c1ccc(N2CCOCC2)cc1
BENZO_451,O=C(Cn1nnc2ccccc21)N(Cc1ccccc1)c1ccc(N2CCOCC2)cc1
BENZO_452,O=C(Cn1nnc2ccccc21)N(Cc1cccc(Cl)c1)c1ccc(N2CCOCC2)cc1
BENZO_453,O=C(Cn1nnc2ccccc21)N(Cc1ccoc1)c1ccc(N2CCOCC2)cc1
BENZO_454,Cn1ccc(CN(C(=O)Cn2nnc3ccccc32)c2ccc(N3CCOCC3)cc2)c1
BENZO_455,CN(C)c1ccc(N(Cc2ccsc2)C(=O)Cn2cnc3ccccc32)cc1
BENZO_456,CN(C)c1ccc(N(Cc2ccccc2)C(=O)Cn2cnc3ccccc32)cc1
BENZO_457,CN(C)c1ccc(N(Cc2cccc(Cl)c2)C(=O)Cn2cnc3ccccc32)cc1
BENZO_458,CN(C)c1ccc(N(Cc2ccoc2)C(=O)Cn2cnc3ccccc32)cc1
BENZO_459,CN(C)c1ccc(N(Cc2ccn(C)c2)C(=O)Cn2cnc3ccccc32)cc1
BENZO_460,CCC(=O)Nc1ccc(N(Cc2ccsc2)C(=O)Cn2cnc3ccccc32)cc1
BENZO_461,CCC(=O)Nc1ccc(N(Cc2ccccc2)C(=O)Cn2cnc3ccccc32)cc1
BENZO_462,CCC(=O)Nc1ccc(N(Cc2cccc(Cl)c2)C(=O)Cn2cnc3ccccc32)cc1
BENZO_463,CCC(=O)Nc1ccc(N(Cc2ccoc2)C(=O)Cn2cnc3ccccc32)cc1
BENZO_464,CCC(=O)Nc1ccc(N(Cc2ccn(C)c2)C(=O)Cn2cnc3ccccc32)cc1
BENZO_465,O=C(Cn1cnc2ccccc21)N(Cc1ccsc1)c1ccc(N2CCCCC2)cc1
BENZO_466,O=C(Cn1cnc2ccccc21)N(Cc1ccccc1)c1ccc(N2CCCCC2)cc1
BENZO_467,O=C(Cn1cnc2ccccc21)N(Cc1cccc(Cl)c1)c1ccc(N2CCCCC2)cc1
BENZO_468,O=C(Cn1cnc2ccccc21)N(Cc1ccoc1)c1ccc(N2CCCCC2)cc1
BENZO_469,Cn1ccc(CN(C(=O)Cn2cnc3ccccc32)c2ccc(N3CCCCC3)cc2)c1
BENZO_470,Cc1ccc(N(Cc2ccsc2)C(=O)Cn2cnc3ccccc32)cc1
BENZO_471,Cc1ccc(N(Cc2ccccc2)C(=O)Cn2cnc3ccccc32)cc1
BENZO_472,Cc1ccc(N(Cc2cccc(Cl)c2)C(=O)Cn2cnc3ccccc32)cc1
BENZO_473,Cc1ccc(N(Cc2ccoc2)C(=O)Cn2cnc3ccccc32)cc1
BENZO_474,Cc1ccc(N(Cc2ccn(C)c2)C(=O)Cn2cnc3ccccc32)cc1
BENZO_475,COc1ccc(N(Cc2ccsc2)C(=O)Cn2cnc3ccccc32)cc1
BENZO_476,COc1ccc(N(Cc2ccccc2)C(=O)Cn2cnc3ccccc32)cc1
BENZO_477,COc1ccc(N(Cc2cccc(Cl)c2)C(=O)Cn2cnc3ccccc32)cc1
BENZO_478,COc1ccc(N(Cc2ccoc2)C(=O)Cn2cnc3ccccc32)cc1
BENZO_479,COc1ccc(N(Cc2ccn(C)c2)C(=O)Cn2cnc3ccccc32)cc1
BENZO_480,O=C1CCCCN1c1ccc(N(Cc2ccsc2)C(=O)Cn2cnc3ccccc32)cc1
BENZO_481,O=C1CCCCN1c1ccc(N(Cc2ccccc2)C(=O)Cn2cnc3ccccc32)cc1
BENZO_482,O=C1CCCCN1c1ccc(N(Cc2cccc(Cl)c2)C(=O)Cn2cnc3ccccc32)cc1
BENZO_483,O=C1CCCCN1c1ccc(N(Cc2ccoc2)C(=O)Cn2cnc3ccccc32)cc1
BENZO_484,Cn1ccc(CN(C(=O)Cn2cnc3ccccc32)c2ccc(N3CCCCC3=O)cc2)c1
BENZO_485,O=C(Cn1cnc2ccccc21)N(Cc1ccsc1)c1ccc(N2CCOCC2)cc1
BENZO_486,O=C(Cn1cnc2ccccc21)N(Cc1ccccc1)c1ccc(N2CCOCC2)cc1
BENZO_487,O=C(Cn1cnc2ccccc21)N(Cc1cccc(Cl)c1)c1ccc(N2CCOCC2)cc1
BENZO_488,O=C(Cn1cnc2ccccc21)N(Cc1ccoc1)c1ccc(N2CCOCC2)cc1
BENZO_489,Cn1ccc(CN(C(=O)Cn2cnc3ccccc32)c2ccc(N3CCOCC3)cc2)c1
BENZO_490,CN(C)c1ccc(N(Cc2ccsc2)C(=O)Cc2n[nH]c3ccccc23)cc1
BENZO_491,CN(C)c1ccc(N(Cc2ccccc2)C(=O)Cc2n[nH]c3ccccc23)cc1
BENZO_492,CN(C)c1ccc(N(Cc2cccc(Cl)c2)C(=O)Cc2n[nH]c3ccccc23)cc1
BENZO_493,CN(C)c1ccc(N(Cc2ccoc2)C(=O)Cc2n[nH]c3ccccc23)cc1
BENZO_494,CN(C)c1ccc(N(Cc2ccn(C)c2)C(=O)Cc2n[nH]c3ccccc23)cc1
BENZO_495,CCC(=O)Nc1ccc(N(Cc2ccsc2)C(=O)Cc2n[nH]c3ccccc23)cc1
BENZO_496,CCC(=O)Nc1ccc(N(Cc2ccccc2)C(=O)Cc2n[nH]c3ccccc23)cc1
BENZO_497,CCC(=O)Nc1ccc(N(Cc2cccc(Cl)c2)C(=O)Cc2n[nH]c3ccccc23)cc1
BENZO_498,CCC(=O)Nc1ccc(N(Cc2ccoc2)C(=O)Cc2n[nH]c3ccccc23)cc1
BENZO_499,CCC(=O)Nc1ccc(N(Cc2ccn(C)c2)C(=O)Cc2n[nH]c3ccccc23)cc1
BENZO_500,O=C(Cc1n[nH]c2ccccc12)N(Cc1ccsc1)c1ccc(N2CCCCC2)cc1
BENZO_501,O=C(Cc1n[nH]c2ccccc12)N(Cc1ccccc1)c1ccc(N2CCCCC2)cc1
BENZO_502,O=C(Cc1n[nH]c2ccccc12)N(Cc1cccc(Cl)c1)c1ccc(N2CCCCC2)cc1
BENZO_503,O=C(Cc1n[nH]c2ccccc12)N(Cc1ccoc1)c1ccc(N2CCCCC2)cc1
BENZO_504,Cn1ccc(CN(C(=O)Cc2n[nH]c3ccccc23)c2ccc(N3CCCCC3)cc2)c1
BENZO_505,Cc1ccc(N(Cc2ccsc2)C(=O)Cc2n[nH]c3ccccc23)cc1
BENZO_506,Cc1ccc(N(Cc2ccccc2)C(=O)Cc2n[nH]c3ccccc23)cc1
BENZO_507,Cc1ccc(N(Cc2cccc(Cl)c2)C(=O)Cc2n[nH]c3ccccc23)cc1
BENZO_508,Cc1ccc(N(Cc2ccoc2)C(=O)Cc2n[nH]c3ccccc23)cc1
BENZO_509,Cc1ccc(N(Cc2ccn(C)c2)C(=O)Cc2n[nH]c3ccccc23)cc1
BENZO_510,COc1ccc(N(Cc2ccsc2)C(=O)Cc2n[nH]c3ccccc23)cc1
BENZO_511,COc1ccc(N(Cc2ccccc2)C(=O)Cc2n[nH]c3ccccc23)cc1
BENZO_512,COc1ccc(N(Cc2cccc(Cl)c2)C(=O)Cc2n[nH]c3ccccc23)cc1
BENZO_513,COc1ccc(N(Cc2ccoc2)C(=O)Cc2n[nH]c3ccccc23)cc1
BENZO_514,COc1ccc(N(Cc2ccn(C)c2)C(=O)Cc2n[nH]c3ccccc23)cc1
BENZO_515,O=C1CCCCN1c1ccc(N(Cc2ccsc2)C(=O)Cc2n[nH]c3ccccc23)cc1
BENZO_516,O=C1CCCCN1c1ccc(N(Cc2ccccc2)C(=O)Cc2n[nH]c3ccccc23)cc1
BENZO_517,O=C1CCCCN1c1ccc(N(Cc2cccc(Cl)c2)C(=O)Cc2n[nH]c3ccccc23)cc1
BENZO_518,O=C1CCCCN1c1ccc(N(Cc2ccoc2)C(=O)Cc2n[nH]c3ccccc23)cc1
BENZO_519,Cn1ccc(CN(C(=O)Cc2n[nH]c3ccccc23)c2ccc(N3CCCCC3=O)cc2)c1
BENZO_520,O=C(Cc1n[nH]c2ccccc12)N(Cc1ccsc1)c1ccc(N2CCOCC2)cc1
BENZO_521,O=C(Cc1n[nH]c2ccccc12)N(Cc1ccccc1)c1ccc(N2CCOCC2)cc1
BENZO_522,O=C(Cc1n[nH]c2ccccc12)N(Cc1cccc(Cl)c1)c1ccc(N2CCOCC2)cc1
BENZO_523,O=C(Cc1n[nH]c2ccccc12)N(Cc1ccoc1)c1ccc(N2CCOCC2)cc1
BENZO_524,Cn1ccc(CN(C(=O)Cc2n[nH]c3ccccc23)c2ccc(N3CCOCC3)cc2)c1
BENZO_525,CN(C)c1ccc(N(Cc2ccsc2)C(=O)Cc2nnn3ccccc23)cc1
BENZO_526,CN(C)c1ccc(N(Cc2ccccc2)C(=O)Cc2nnn3ccccc23)cc1
BENZO_527,CN(C)c1ccc(N(Cc2cccc(Cl)c2)C(=O)Cc2nnn3ccccc23)cc1
BENZO_528,CN(C)c1ccc(N(Cc2ccoc2)C(=O)Cc2nnn3ccccc23)cc1
BENZO_529,CN(C)c1ccc(N(Cc2ccn(C)c2)C(=O)Cc2nnn3ccccc23)cc1
BENZO_530,CCC(=O)Nc1ccc(N(Cc2ccsc2)C(=O)Cc2nnn3ccccc23)cc1
BENZO_531,CCC(=O)Nc1ccc(N(Cc2ccccc2)C(=O)Cc2nnn3ccccc23)cc1
BENZO_532,CCC(=O)Nc1ccc(N(Cc2cccc(Cl)c2)C(=O)Cc2nnn3ccccc23)cc1
BENZO_533,CCC(=O)Nc1ccc(N(Cc2ccoc2)C(=O)Cc2nnn3ccccc23)cc1
BENZO_534,CCC(=O)Nc1ccc(N(Cc2ccn(C)c2)C(=O)Cc2nnn3ccccc23)cc1
BENZO_535,O=C(Cc1nnn2ccccc12)N(Cc1ccsc1)c1ccc(N2CCCCC2)cc1
BENZO_536,O=C(Cc1nnn2ccccc12)N(Cc1ccccc1)c1ccc(N2CCCCC2)cc1
BENZO_537,O=C(Cc1nnn2ccccc12)N(Cc1cccc(Cl)c1)c1ccc(N2CCCCC2)cc1
BENZO_538,O=C(Cc1nnn2ccccc12)N(Cc1ccoc1)c1ccc(N2CCCCC2)cc1
BENZO_539,Cn1ccc(CN(C(=O)Cc2nnn3ccccc23)c2ccc(N3CCCCC3)cc2)c1
BENZO_540,Cc1ccc(N(Cc2ccsc2)C(=O)Cc2nnn3ccccc23)cc1
BENZO_541,Cc1ccc(N(Cc2ccccc2)C(=O)Cc2nnn3ccccc23)cc1
BENZO_542,Cc1ccc(N(Cc2cccc(Cl)c2)C(=O)Cc2nnn3ccccc23)cc1
BENZO_543,Cc1ccc(N(Cc2ccoc2)C(=O)Cc2nnn3ccccc23)cc1
BENZO_544,Cc1ccc(N(Cc2ccn(C)c2)C(=O)Cc2nnn3ccccc23)cc1
BENZO_545,COc1ccc(N(Cc2ccsc2)C(=O)Cc2nnn3ccccc23)cc1
BENZO_546,COc1ccc(N(Cc2ccccc2)C(=O)Cc2nnn3ccccc23)cc1
BENZO_547,COc1ccc(N(Cc2cccc(Cl)c2)C(=O)Cc2nnn3ccccc23)cc1
BENZO_548,COc1ccc(N(Cc2ccoc2)C(=O)Cc2nnn3ccccc23)cc1
BENZO_549,COc1ccc(N(Cc2ccn(C)c2)C(=O)Cc2nnn3ccccc23)cc1
BENZO_550,O=C1CCCCN1c1ccc(N(Cc2ccsc2)C(=O)Cc2nnn3ccccc23)cc1
BENZO_551,O=C1CCCCN1c1ccc(N(Cc2ccccc2)C(=O)Cc2nnn3ccccc23)cc1
BENZO_552,O=C1CCCCN1c1ccc(N(Cc2cccc(Cl)c2)C(=O)Cc2nnn3ccccc23)cc1
BENZO_553,O=C1CCCCN1c1ccc(N(Cc2ccoc2)C(=O)Cc2nnn3ccccc23)cc1
BENZO_554,Cn1ccc(CN(C(=O)Cc2nnn3ccccc23)c2ccc(N3CCCCC3=O)cc2)c1
BENZO_555,O=C(Cc1nnn2ccccc12)N(Cc1ccsc1)c1ccc(N2CCOCC2)cc1
BENZO_556,O=C(Cc1nnn2ccccc12)N(Cc1ccccc1)c1ccc(N2CCOCC2)cc1
BENZO_557,O=C(Cc1nnn2ccccc12)N(Cc1cccc(Cl)c1)c1ccc(N2CCOCC2)cc1
BENZO_558,O=C(Cc1nnn2ccccc12)N(Cc1ccoc1)c1ccc(N2CCOCC2)cc1
BENZO_559,Cn1ccc(CN(C(=O)Cc2nnn3ccccc23)c2ccc(N3CCOCC3)cc2)c1
BENZO_560,CN(C)c1ccc(N(Cc2ccsc2)C(=O)Cc2c[nH]c3ccccc23)cc1
BENZO_561,CN(C)c1ccc(N(Cc2ccccc2)C(=O)Cc2c[nH]c3ccccc23)cc1
BENZO_562,CN(C)c1ccc(N(Cc2cccc(Cl)c2)C(=O)Cc2c[nH]c3ccccc23)cc1
BENZO_563,CN(C)c1ccc(N(Cc2ccoc2)C(=O)Cc2c[nH]c3ccccc23)cc1
BENZO_564,CN(C)c1ccc(N(Cc2ccn(C)c2)C(=O)Cc2c[nH]c3ccccc23)cc1
BENZO_565,CCC(=O)Nc1ccc(N(Cc2ccsc2)C(=O)Cc2c[nH]c3ccccc23)cc1
BENZO_566,CCC(=O)Nc1ccc(N(Cc2ccccc2)C(=O)Cc2c[nH]c3ccccc23)cc1
BENZO_567,CCC(=O)Nc1ccc(N(Cc2cccc(Cl)c2)C(=O)Cc2c[nH]c3ccccc23)cc1
BENZO_568,CCC(=O)Nc1ccc(N(Cc2ccoc2)C(=O)Cc2c[nH]c3ccccc23)cc1
BENZO_569,CCC(=O)Nc1ccc(N(Cc2ccn(C)c2)C(=O)Cc2c[nH]c3ccccc23)cc1
BENZO_570,O=C(Cc1c[nH]c2ccccc12)N(Cc1ccsc1)c1ccc(N2CCCCC2)cc1
BENZO_571,O=C(Cc1c[nH]c2ccccc12)N(Cc1ccccc1)c1ccc(N2CCCCC2)cc1
BENZO_572,O=C(Cc1c[nH]c2ccccc12)N(Cc1cccc(Cl)c1)c1ccc(N2CCCCC2)cc1
BENZO_573,O=C(Cc1c[nH]c2ccccc12)N(Cc1ccoc1)c1ccc(N2CCCCC2)cc1
BENZO_574,Cn1ccc(CN(C(=O)Cc2c[nH]c3ccccc23)c2ccc(N3CCCCC3)cc2)c1
BENZO_575,Cc1ccc(N(Cc2ccsc2)C(=O)Cc2c[nH]c3ccccc23)cc1
BENZO_576,Cc1ccc(N(Cc2ccccc2)C(=O)Cc2c[nH]c3ccccc23)cc1
BENZO_577,Cc1ccc(N(Cc2cccc(Cl)c2)C(=O)Cc2c[nH]c3ccccc23)cc1
BENZO_578,Cc1ccc(N(Cc2ccoc2)C(=O)Cc2c[nH]c3ccccc23)cc1
BENZO_579,Cc1ccc(N(Cc2ccn(C)c2)C(=O)Cc2c[nH]c3ccccc23)cc1
BENZO_580,COc1ccc(N(Cc2ccsc2)C(=O)Cc2c[nH]c3ccccc23)cc1
BENZO_581,COc1ccc(N(Cc2ccccc2)C(=O)Cc2c[nH]c3ccccc23)cc1
BENZO_582,COc1ccc(N(Cc2cccc(Cl)c2)C(=O)Cc2c[nH]c3ccccc23)cc1
BENZO_583,COc1ccc(N(Cc2ccoc2)C(=O)Cc2c[nH]c3ccccc23)cc1
BENZO_584,COc1ccc(N(Cc2ccn(C)c2)C(=O)Cc2c[nH]c3ccccc23)cc1
BENZO_585,O=C1CCCCN1c1ccc(N(Cc2ccsc2)C(=O)Cc2c[nH]c3ccccc23)cc1
BENZO_586,O=C1CCCCN1c1ccc(N(Cc2ccccc2)C(=O)Cc2c[nH]c3ccccc23)cc1
BENZO_587,O=C1CCCCN1c1ccc(N(Cc2cccc(Cl)c2)C(=O)Cc2c[nH]c3ccccc23)cc1
BENZO_588,O=C1CCCCN1c1ccc(N(Cc2ccoc2)C(=O)Cc2c[nH]c3ccccc23)cc1
BENZO_589,Cn1ccc(CN(C(=O)Cc2c[nH]c3ccccc23)c2ccc(N3CCCCC3=O)cc2)c1
BENZO_590,O=C(Cc1c[nH]c2ccccc12)N(Cc1ccsc1)c1ccc(N2CCOCC2)cc1
BENZO_591,O=C(Cc1c[nH]c2ccccc12)N(Cc1ccccc1)c1ccc(N2CCOCC2)cc1
BENZO_592,O=C(Cc1c[nH]c2ccccc12)N(Cc1cccc(Cl)c1)c1ccc(N2CCOCC2)cc1
BENZO_593,O=C(Cc1c[nH]c2ccccc12)N(Cc1ccoc1)c1ccc(N2CCOCC2)cc1
BENZO_594,Cn1ccc(CN(C(=O)Cc2c[nH]c3ccccc23)c2ccc(N3CCOCC3)cc2)c1
BENZO_595,CN(C)c1ccc(N(Cc2ccsc2)C(=O)Cc2nnc3ccccn23)cc1
BENZO_596,CN(C)c1ccc(N(Cc2ccccc2)C(=O)Cc2nnc3ccccn23)cc1
BENZO_597,CN(C)c1ccc(N(Cc2cccc(Cl)c2)C(=O)Cc2nnc3ccccn23)cc1
BENZO_598,CN(C)c1ccc(N(Cc2ccoc2)C(=O)Cc2nnc3ccccn23)cc1
BENZO_599,CN(C)c1ccc(N(Cc2ccn(C)c2)C(=O)Cc2nnc3ccccn23)cc1
BENZO_600,CCC(=O)Nc1ccc(N(Cc2ccsc2)C(=O)Cc2nnc3ccccn23)cc1
BENZO_601,CCC(=O)Nc1ccc(N(Cc2ccccc2)C(=O)Cc2nnc3ccccn23)cc1
BENZO_602,CCC(=O)Nc1ccc(N(Cc2cccc(Cl)c2)C(=O)Cc2nnc3ccccn23)cc1
BENZO_603,CCC(=O)Nc1ccc(N(Cc2ccoc2)C(=O)Cc2nnc3ccccn23)cc1
BENZO_604,CCC(=O)Nc1ccc(N(Cc2ccn(C)c2)C(=O)Cc2nnc3ccccn23)cc1
BENZO_605,O=C(Cc1nnc2ccccn12)N(Cc1ccsc1)c1ccc(N2CCCCC2)cc1
BENZO_606,O=C(Cc1nnc2ccccn12)N(Cc1ccccc1)c1ccc(N2CCCCC2)cc1
BENZO_607,O=C(Cc1nnc2ccccn12)N(Cc1cccc(Cl)c1)c1ccc(N2CCCCC2)cc1
BENZO_608,O=C(Cc1nnc2ccccn12)N(Cc1ccoc1)c1ccc(N2CCCCC2)cc1
BENZO_609,Cn1ccc(CN(C(=O)Cc2nnc3ccccn23)c2ccc(N3CCCCC3)cc2)c1
BENZO_610,Cc1ccc(N(Cc2ccsc2)C(=O)Cc2nnc3ccccn23)cc1
BENZO_611,Cc1ccc(N(Cc2ccccc2)C(=O)Cc2nnc3ccccn23)cc1
BENZO_612,Cc1ccc(N(Cc2cccc(Cl)c2)C(=O)Cc2nnc3ccccn23)cc1
BENZO_613,Cc1ccc(N(Cc2ccoc2)C(=O)Cc2nnc3ccccn23)cc1
BENZO_614,Cc1ccc(N(Cc2ccn(C)c2)C(=O)Cc2nnc3ccccn23)cc1
BENZO_615,COc1ccc(N(Cc2ccsc2)C(=O)Cc2nnc3ccccn23)cc1
BENZO_616,COc1ccc(N(Cc2ccccc2)C(=O)Cc2nnc3ccccn23)cc1
BENZO_617,COc1ccc(N(Cc2cccc(Cl)c2)C(=O)Cc2nnc3ccccn23)cc1
BENZO_618,COc1ccc(N(Cc2ccoc2)C(=O)Cc2nnc3ccccn23)cc1
BENZO_619,COc1ccc(N(Cc2ccn(C)c2)C(=O)Cc2nnc3ccccn23)cc1
BENZO_620,O=C1CCCCN1c1ccc(N(Cc2ccsc2)C(=O)Cc2nnc3ccccn23)cc1
BENZO_621,O=C1CCCCN1c1ccc(N(Cc2ccccc2)C(=O)Cc2nnc3ccccn23)cc1
BENZO_622,O=C1CCCCN1c1ccc(N(Cc2cccc(Cl)c2)C(=O)Cc2nnc3ccccn23)cc1
BENZO_623,O=C1CCCCN1c1ccc(N(Cc2ccoc2)C(=O)Cc2nnc3ccccn23)cc1
BENZO_624,Cn1ccc(CN(C(=O)Cc2nnc3ccccn23)c2ccc(N3CCCCC3=O)cc2)c1
BENZO_625,O=C(Cc1nnc2ccccn12)N(Cc1ccsc1)c1ccc(N2CCOCC2)cc1
BENZO_626,O=C(Cc1nnc2ccccn12)N(Cc1ccccc1)c1ccc(N2CCOCC2)cc1
BENZO_627,O=C(Cc1nnc2ccccn12)N(Cc1cccc(Cl)c1)c1ccc(N2CCOCC2)cc1
BENZO_628,O=C(Cc1nnc2ccccn12)N(Cc1ccoc1)c1ccc(N2CCOCC2)cc1
BENZO_629,Cn1ccc(CN(C(=O)Cc2nnc3ccccn23)c2ccc(N3CCOCC3)cc2)c1